date,t2m_max,t2m_min,t2m_mean,app_tmax,app_tmin,precip_mm,rain_mm,snow_mm,sun_h,wind10_max,gust10_max,winddir,sw_rad,et0,soil_t0_7,soil_m0_7,latitude,longitude,elevation_m,ndvi
2023-01-01,15.5,11.2,13.1,12.4,8.1,0.0,0.0,0.0,25498.63,30.5,51.8,136,5.55,1.27,12.3,0.343,43.6045,1.444,135.0,0.65
2023-01-02,13.5,10.0,12.1,10.7,7.8,0.1,0.1,0.0,0.0,34.5,58.7,171,1.47,0.93,12.2,0.343,43.6045,1.444,135.0,0.65
2023-01-03,11.9,5.8,9.3,10.2,4.3,0.0,0.0,0.0,10897.12,8.4,18.4,318,3.39,0.5,10.5,0.344,43.6045,1.444,135.0,0.65
2023-01-04,9.5,5.2,6.8,8.5,3.6,0.0,0.0,0.0,11558.68,4.6,12.6,114,3.92,0.48,8.3,0.34,43.6045,1.444,135.0,0.65
2023-01-05,12.7,3.7,7.8,11.5,0.9,0.0,0.0,0.0,28636.24,9.9,13.0,271,6.92,0.86,8.4,0.336,43.6045,1.444,135.0,0.65
2023-01-06,11.9,5.0,7.4,11.0,3.4,0.0,0.0,0.0,14342.77,7.1,12.6,138,3.92,0.55,8.6,0.324,43.6045,1.444,135.0,0.65
2023-01-07,14.0,5.9,9.7,11.6,3.3,0.0,0.0,0.0,27529.58,22.4,38.9,136,6.76,1.07,9.2,0.315,43.6045,1.444,135.0,0.65
2023-01-08,11.7,8.3,9.8,9.3,5.8,6.4,6.4,0.0,14399.55,22.8,38.2,171,4.17,0.61,9.7,0.351,43.6045,1.444,135.0,0.65
2023-01-09,10.0,7.3,8.5,6.3,2.4,13.2,13.2,0.0,18805.56,29.0,59.4,272,4.46,0.94,8.6,0.4,43.6045,1.444,135.0,0.65
2023-01-10,13.1,6.2,8.7,11.6,3.4,0.2,0.2,0.0,19720.99,20.6,36.7,248,5.02,0.82,8.9,0.382,43.6045,1.444,135.0,0.65
2023-01-11,10.9,4.3,7.5,8.0,1.7,3.6,3.6,0.0,4479.34,19.1,33.5,254,1.9,0.38,7.4,0.379,43.6045,1.444,135.0,0.65
2023-01-12,11.9,3.9,7.3,10.5,1.2,0.0,0.0,0.0,28800.0,13.8,24.5,229,6.84,0.81,7.5,0.381,43.6045,1.444,135.0,0.65
2023-01-13,13.5,5.7,9.1,10.3,2.9,1.5,1.5,0.0,24386.79,24.7,45.4,264,5.51,0.9,8.5,0.379,43.6045,1.444,135.0,0.65
2023-01-14,14.6,3.0,7.9,13.0,0.2,0.0,0.0,0.0,25968.55,15.0,25.6,144,7.53,1.08,7.9,0.372,43.6045,1.444,135.0,0.65
2023-01-15,9.2,3.1,7.0,5.8,0.3,2.5,2.5,0.0,10174.61,24.5,42.8,260,3.16,0.6,7.6,0.374,43.6045,1.444,135.0,0.65
2023-01-16,8.7,4.1,6.5,3.9,-0.1,8.2,8.2,0.0,0.0,33.0,58.3,243,2.52,0.76,6.6,0.4,43.6045,1.444,135.0,0.65
2023-01-17,7.5,4.1,6.0,3.5,-1.3,22.2,21.9,0.21,12699.82,32.1,60.5,254,4.92,0.75,6.3,0.428,43.6045,1.444,135.0,0.65
2023-01-18,6.2,1.6,3.7,1.4,-2.4,3.7,1.5,1.54,15765.89,25.8,45.0,281,6.16,0.92,5.1,0.409,43.6045,1.444,135.0,0.65
2023-01-19,6.3,1.4,3.2,2.6,-3.4,16.4,14.3,1.47,279.0,24.5,42.8,248,3.3,0.44,4.1,0.413,43.6045,1.444,135.0,0.65
2023-01-20,4.2,-0.6,1.8,-0.3,-4.3,7.2,4.4,1.96,16084.81,23.0,47.2,310,5.35,0.63,3.4,0.412,43.6045,1.444,135.0,0.65
2023-01-21,3.8,-2.8,0.5,-1.9,-6.6,1.2,0.4,0.56,20620.78,26.4,47.2,308,5.14,0.68,2.1,0.396,43.6045,1.444,135.0,0.65
2023-01-22,1.0,-2.1,-0.7,-5.1,-7.5,0.0,0.0,0.0,7840.22,26.0,49.0,289,4.35,0.67,1.6,0.391,43.6045,1.444,135.0,0.65
2023-01-23,1.9,-1.8,0.1,-3.6,-6.2,0.4,0.0,0.28,3808.73,19.8,36.7,288,3.32,0.64,1.8,0.385,43.6045,1.444,135.0,0.65
2023-01-24,4.9,-2.9,0.7,1.7,-6.6,0.0,0.0,0.0,30042.11,14.4,27.0,279,8.64,0.84,2.6,0.387,43.6045,1.444,135.0,0.65
2023-01-25,3.5,-3.5,0.1,-0.3,-7.5,0.1,0.1,0.0,13300.27,22.1,40.0,294,5.97,0.63,1.5,0.386,43.6045,1.444,135.0,0.65
2023-01-26,2.8,1.0,1.8,-1.5,-3.5,1.5,1.4,0.07,0.0,17.3,31.3,292,2.12,0.34,2.6,0.396,43.6045,1.444,135.0,0.65
2023-01-27,4.2,-1.3,1.7,-0.2,-6.0,2.2,2.1,0.07,792.35,23.4,42.5,292,2.73,0.42,2.6,0.392,43.6045,1.444,135.0,0.65
2023-01-28,4.2,0.6,2.7,-0.4,-3.3,0.2,0.2,0.0,16014.84,18.7,35.3,309,5.84,0.81,3.1,0.388,43.6045,1.444,135.0,0.65
2023-01-29,5.3,-0.2,2.3,1.6,-3.5,0.0,0.0,0.0,18817.7,10.4,23.0,294,6.64,0.75,3.9,0.381,43.6045,1.444,135.0,0.65
2023-01-30,6.2,-2.4,1.6,1.6,-6.1,0.0,0.0,0.0,30776.95,15.2,30.6,292,8.73,0.95,3.4,0.372,43.6045,1.444,135.0,0.65
2023-01-31,8.2,2.4,4.7,5.2,-1.3,0.0,0.0,0.0,0.0,10.9,21.6,284,3.06,0.63,4.6,0.368,43.6045,1.444,135.0,0.65
2023-02-01,8.2,2.3,5.7,5.1,-0.7,0.3,0.3,0.0,6078.77,13.0,25.6,287,4.7,0.65,6.1,0.365,43.6045,1.444,135.0,0.65
2023-02-02,9.8,-0.1,4.1,6.3,-3.7,0.0,0.0,0.0,31921.99,12.4,24.8,314,10.71,1.22,5.1,0.355,43.6045,1.444,135.0,0.65
2023-02-03,9.8,-2.2,2.8,6.7,-6.0,0.0,0.0,0.0,32249.08,11.8,23.0,303,11.01,1.17,3.8,0.35,43.6045,1.444,135.0,0.65
2023-02-04,9.1,-2.3,3.4,5.5,-6.2,0.0,0.0,0.0,32375.61,16.2,29.9,289,10.65,1.12,3.6,0.343,43.6045,1.444,135.0,0.65
2023-02-05,10.2,3.2,6.1,6.5,-0.5,0.0,0.0,0.0,7844.48,18.7,33.8,289,4.69,0.76,5.3,0.345,43.6045,1.444,135.0,0.65
2023-02-06,10.2,-1.0,4.4,7.8,-4.1,0.0,0.0,0.0,32768.29,11.1,18.4,316,11.13,1.3,5.8,0.337,43.6045,1.444,135.0,0.65
2023-02-07,7.7,-1.5,3.8,2.1,-5.4,1.3,1.3,0.0,11415.65,36.1,65.9,119,5.08,0.89,4.1,0.344,43.6045,1.444,135.0,0.65
2023-02-08,10.4,-0.3,5.2,6.2,-4.0,0.0,0.0,0.0,33100.26,21.0,36.4,106,10.98,1.63,5.4,0.349,43.6045,1.444,135.0,0.65
2023-02-09,10.0,-1.5,4.1,7.1,-5.6,0.0,0.0,0.0,33269.69,12.8,25.6,105,11.91,1.42,5.0,0.34,43.6045,1.444,135.0,0.65
2023-02-10,9.7,-3.1,3.0,6.4,-6.4,0.0,0.0,0.0,33441.25,10.4,18.0,292,12.02,1.41,3.4,0.337,43.6045,1.444,135.0,0.65
2023-02-11,12.0,-3.4,2.8,8.3,-7.4,0.0,0.0,0.0,33614.73,15.1,25.2,119,12.28,1.55,0.6,0.336,43.6045,1.444,135.0,0.65
2023-02-12,12.8,-2.0,4.7,9.2,-5.9,0.0,0.0,0.0,33789.93,14.5,28.4,127,12.47,1.67,2.8,0.334,43.6045,1.444,135.0,0.65
2023-02-13,14.0,0.2,6.4,9.9,-3.4,0.0,0.0,0.0,33966.64,17.8,33.5,131,12.48,1.75,4.1,0.328,43.6045,1.444,135.0,0.65
2023-02-14,14.5,6.0,8.9,10.2,2.4,0.0,0.0,0.0,33657.49,22.7,43.2,130,12.01,1.75,7.3,0.327,43.6045,1.444,135.0,0.65
2023-02-15,14.4,6.4,9.4,11.7,3.2,0.0,0.0,0.0,30531.39,20.7,34.6,133,10.63,1.57,8.8,0.322,43.6045,1.444,135.0,0.65
2023-02-16,14.0,4.2,8.1,12.5,1.6,0.0,0.0,0.0,28448.96,11.8,19.8,135,11.51,1.51,8.4,0.315,43.6045,1.444,135.0,0.65
2023-02-17,16.0,1.2,7.6,14.6,-1.7,0.0,0.0,0.0,34684.98,10.6,14.0,110,12.67,1.78,7.8,0.315,43.6045,1.444,135.0,0.65
2023-02-18,17.4,1.6,9.5,16.4,-0.6,0.0,0.0,0.0,34866.54,6.8,15.1,39,12.82,1.86,8.4,0.317,43.6045,1.444,135.0,0.65
2023-02-19,15.8,3.1,8.6,14.3,1.4,0.0,0.0,0.0,31742.94,10.1,18.7,343,11.77,1.61,8.7,0.306,43.6045,1.444,135.0,0.65
2023-02-20,17.1,3.1,8.6,15.9,1.1,0.0,0.0,0.0,21600.0,21.2,35.3,119,10.95,1.82,8.9,0.295,43.6045,1.444,135.0,0.65
2023-02-21,15.9,8.0,11.0,14.1,4.4,2.7,2.7,0.0,33488.6,19.1,35.3,136,11.21,1.77,10.3,0.294,43.6045,1.444,135.0,0.65
2023-02-22,14.5,6.7,10.2,12.8,5.1,8.0,8.0,0.0,8401.85,14.8,28.8,254,5.98,0.96,10.1,0.352,43.6045,1.444,135.0,0.65
2023-02-23,10.3,6.3,8.2,8.8,3.5,1.8,1.8,0.0,9794.76,19.7,37.1,240,5.52,0.76,8.8,0.359,43.6045,1.444,135.0,0.65
2023-02-24,9.7,2.9,5.8,7.0,-0.0,9.1,9.1,0.0,19534.32,20.3,34.9,277,8.05,1.1,7.4,0.39,43.6045,1.444,135.0,0.65
2023-02-25,9.0,-1.2,3.9,5.9,-4.0,0.0,0.0,0.0,12787.8,15.9,27.0,300,7.03,1.05,5.2,0.364,43.6045,1.444,135.0,0.65
2023-02-26,8.4,0.6,4.6,3.3,-4.5,0.0,0.0,0.0,35729.41,29.8,54.4,315,14.7,2.12,6.3,0.358,43.6045,1.444,135.0,0.65
2023-02-27,3.6,-1.8,1.4,-0.6,-6.3,0.3,0.0,0.21,25114.7,22.8,39.6,290,10.27,1.58,4.2,0.347,43.6045,1.444,135.0,0.65
2023-02-28,5.8,-1.8,2.0,0.7,-6.5,0.0,0.0,0.0,25515.21,18.2,40.0,285,11.52,1.66,4.0,0.342,43.6045,1.444,135.0,0.65
2023-03-01,6.5,-4.3,1.0,2.1,-8.5,0.0,0.0,0.0,36176.24,15.2,28.1,290,15.47,1.67,3.1,0.336,43.6045,1.444,135.0,0.65
2023-03-02,6.5,0.7,3.3,2.4,-3.9,0.5,0.4,0.07,5443.35,16.8,31.7,271,5.9,1.11,4.0,0.329,43.6045,1.444,135.0,0.65
2023-03-03,9.0,-1.3,4.0,5.4,-5.2,0.0,0.0,0.0,28349.05,11.0,24.1,286,10.7,1.43,4.9,0.326,43.6045,1.444,135.0,0.65
2023-03-04,10.6,-0.3,4.8,7.1,-4.2,0.0,0.0,0.0,34934.16,13.7,28.1,286,12.52,1.64,5.3,0.317,43.6045,1.444,135.0,0.65
2023-03-05,12.2,-1.2,5.5,9.7,-5.0,0.0,0.0,0.0,36742.48,10.5,22.0,284,16.42,2.04,6.3,0.31,43.6045,1.444,135.0,0.65
2023-03-06,9.5,-0.9,4.6,5.4,-4.3,0.0,0.0,0.0,23391.73,21.5,40.7,287,10.94,1.39,5.1,0.297,43.6045,1.444,135.0,0.65
2023-03-07,10.9,0.3,4.6,8.4,-3.2,4.1,4.1,0.0,10800.0,15.4,28.1,124,5.08,0.73,4.8,0.31,43.6045,1.444,135.0,0.65
2023-03-08,20.3,3.3,11.5,19.5,0.6,2.5,2.5,0.0,25200.0,14.4,25.9,152,12.33,2.17,8.9,0.34,43.6045,1.444,135.0,0.65
2023-03-09,19.1,9.1,13.4,17.7,7.9,9.2,9.2,0.0,33240.96,16.7,30.2,199,13.47,2.17,12.2,0.397,43.6045,1.444,135.0,0.65
2023-03-10,15.4,9.8,12.0,10.8,6.2,6.9,6.9,0.0,15420.37,36.2,65.2,275,7.96,1.6,11.2,0.404,43.6045,1.444,135.0,0.65
2023-03-11,15.8,11.8,14.5,11.5,10.2,4.9,4.9,0.0,0.0,32.7,57.6,278,3.2,1.46,12.3,0.408,43.6045,1.444,135.0,0.65
2023-03-12,17.2,11.5,13.8,16.9,10.2,2.9,2.9,0.0,5788.9,20.9,36.0,283,6.77,1.18,13.1,0.406,43.6045,1.444,135.0,0.65
2023-03-13,21.1,10.6,14.8,19.8,7.3,10.3,10.3,0.0,36000.0,34.5,60.8,152,16.49,2.79,13.6,0.393,43.6045,1.444,135.0,0.65
2023-03-14,12.4,9.5,10.8,7.8,4.3,10.3,10.3,0.0,33894.41,34.4,64.8,276,12.05,2.12,11.3,0.415,43.6045,1.444,135.0,0.65
2023-03-15,14.8,7.8,10.9,12.5,5.5,1.7,1.7,0.0,31382.2,21.4,38.5,288,11.44,1.8,11.1,0.409,43.6045,1.444,135.0,0.65
2023-03-16,16.5,6.1,10.9,11.7,3.2,0.0,0.0,0.0,39550.37,33.2,56.9,127,18.43,3.18,10.9,0.385,43.6045,1.444,135.0,0.65
2023-03-17,15.6,10.4,12.4,12.1,4.8,0.0,0.0,0.0,17975.96,34.8,60.5,128,11.52,2.28,12.3,0.37,43.6045,1.444,135.0,0.65
2023-03-18,16.2,9.5,12.1,14.2,6.5,7.5,7.5,0.0,29048.68,22.8,42.1,141,12.13,1.91,12.4,0.378,43.6045,1.444,135.0,0.65
2023-03-19,15.4,9.4,11.6,12.5,7.2,1.5,1.5,0.0,30200.14,20.9,41.0,274,11.65,1.79,11.8,0.4,43.6045,1.444,135.0,0.65
2023-03-20,15.5,4.8,10.0,14.4,2.8,0.0,0.0,0.0,39167.38,10.8,21.2,299,18.07,2.55,11.7,0.38,43.6045,1.444,135.0,0.65
2023-03-21,16.6,3.9,10.3,15.1,1.3,0.0,0.0,0.0,37249.99,8.8,19.4,125,15.12,2.3,11.0,0.368,43.6045,1.444,135.0,0.65
2023-03-22,21.2,3.5,11.8,19.9,0.6,0.0,0.0,0.0,31425.99,15.3,29.9,140,17.08,3.02,11.4,0.348,43.6045,1.444,135.0,0.65
2023-03-23,19.6,10.3,14.0,17.9,6.8,0.0,0.0,0.0,39108.45,25.0,43.9,143,17.11,2.99,14.0,0.33,43.6045,1.444,135.0,0.65
2023-03-24,16.5,10.3,12.8,14.2,8.1,0.5,0.5,0.0,18815.5,24.0,40.7,213,11.2,1.87,13.6,0.328,43.6045,1.444,135.0,0.65
2023-03-25,17.5,10.1,13.2,16.4,6.9,0.0,0.0,0.0,38655.32,14.0,29.5,263,18.75,3.14,13.4,0.331,43.6045,1.444,135.0,0.65
2023-03-26,14.9,9.7,11.8,9.5,3.8,3.8,3.8,0.0,15882.76,42.5,75.2,265,9.13,2.25,12.2,0.329,43.6045,1.444,135.0,0.65
2023-03-27,13.7,6.7,10.1,10.0,4.1,0.1,0.1,0.0,37200.09,27.9,56.5,307,13.87,2.15,11.0,0.336,43.6045,1.444,135.0,0.65
2023-03-28,18.4,2.4,10.0,16.2,-0.5,0.0,0.0,0.0,41799.55,18.2,31.0,119,20.73,3.43,10.7,0.325,43.6045,1.444,135.0,0.65
2023-03-29,21.9,8.4,13.8,20.5,4.2,0.0,0.0,0.0,41979.25,28.0,47.5,141,19.99,4.04,13.2,0.309,43.6045,1.444,135.0,0.65
2023-03-30,20.1,9.6,14.7,19.4,7.0,0.0,0.0,0.0,39916.05,27.6,46.4,173,17.85,3.18,14.8,0.298,43.6045,1.444,135.0,0.65
2023-03-31,16.1,9.6,13.0,11.9,7.6,2.2,2.2,0.0,13369.35,32.6,58.0,260,7.62,1.9,13.6,0.287,43.6045,1.444,135.0,0.65
2023-04-01,13.4,7.3,10.0,8.3,3.0,7.9,7.9,0.0,15985.86,34.0,61.6,267,8.14,1.46,10.9,0.306,43.6045,1.444,135.0,0.65
2023-04-02,12.9,6.7,9.4,8.3,2.8,3.6,3.6,0.0,34440.7,26.0,49.0,290,12.53,1.86,9.8,0.339,43.6045,1.444,135.0,0.65
2023-04-03,13.0,7.5,10.0,9.4,4.5,0.1,0.1,0.0,34882.63,17.9,34.6,307,12.33,1.97,10.8,0.331,43.6045,1.444,135.0,0.65
2023-04-04,13.6,2.3,8.2,10.1,-0.6,0.0,0.0,0.0,42963.22,18.9,36.4,297,22.86,3.1,10.2,0.315,43.6045,1.444,135.0,0.65
2023-04-05,15.5,3.6,8.9,12.6,0.5,0.0,0.0,0.0,43032.83,13.0,28.8,295,23.06,3.31,10.7,0.296,43.6045,1.444,135.0,0.65
2023-04-06,17.4,4.8,10.5,15.5,1.6,0.0,0.0,0.0,32741.81,12.5,23.8,292,19.01,3.2,10.8,0.274,43.6045,1.444,135.0,0.65
2023-04-07,19.1,3.2,11.5,18.1,0.4,0.0,0.0,0.0,43171.39,13.4,25.6,301,22.59,3.61,11.6,0.261,43.6045,1.444,135.0,0.65
2023-04-08,18.9,3.9,11.6,17.7,1.2,0.0,0.0,0.0,43200.0,9.7,20.5,55,23.54,3.68,12.2,0.247,43.6045,1.444,135.0,0.65
2023-04-09,21.0,4.3,12.7,21.3,1.5,0.0,0.0,0.0,43200.0,8.4,17.6,125,22.14,3.67,12.5,0.233,43.6045,1.444,135.0,0.65
2023-04-10,19.8,8.6,13.9,19.3,6.2,0.0,0.0,0.0,31861.47,16.7,29.5,272,17.77,3.15,13.7,0.228,43.6045,1.444,135.0,0.65
2023-04-11,19.4,11.0,14.5,18.1,9.8,0.5,0.5,0.0,30119.78,14.7,30.6,283,16.52,2.84,15.1,0.219,43.6045,1.444,135.0,0.65
2023-04-12,18.4,7.6,11.1,16.1,4.5,2.7,2.7,0.0,14420.08,27.6,54.4,268,9.73,1.76,11.9,0.218,43.6045,1.444,135.0,0.65
2023-04-13,11.2,5.5,8.0,6.4,1.6,7.6,7.6,0.0,25869.74,26.8,52.6,270,15.4,1.89,9.2,0.279,43.6045,1.444,135.0,0.65
2023-04-14,16.0,5.9,10.0,10.9,3.3,7.6,7.6,0.0,14386.59,37.3,65.5,265,8.07,1.46,9.7,0.36,43.6045,1.444,135.0,0.65
2023-04-15,14.5,9.7,11.6,8.9,5.2,2.3,2.3,0.0,36000.0,32.8,59.4,298,17.18,3.07,11.6,0.365,43.6045,1.444,135.0,0.65
2023-04-16,16.4,5.9,10.9,12.0,2.7,0.0,0.0,0.0,43467.33,23.1,43.6,300,21.02,3.36,11.8,0.334,43.6045,1.444,135.0,0.65
2023-04-17,16.3,4.1,10.8,13.3,1.3,0.0,0.0,0.0,29682.1,14.8,28.4,322,16.84,2.9,11.5,0.308,43.6045,1.444,135.0,0.65
2023-04-18,17.7,5.0,11.3,16.9,2.7,0.0,0.0,0.0,43904.91,8.6,19.1,358,22.0,3.41,12.7,0.289,43.6045,1.444,135.0,0.65
2023-04-19,21.8,6.2,14.2,21.0,2.9,0.0,0.0,0.0,44178.02,18.6,36.0,119,23.94,4.2,13.8,0.28,43.6045,1.444,135.0,0.65
2023-04-20,22.1,6.3,14.8,21.8,4.3,0.0,0.0,0.0,44528.44,14.5,28.1,180,21.94,4.05,14.7,0.268,43.6045,1.444,135.0,0.65
2023-04-21,22.4,9.2,15.2,21.5,7.3,0.0,0.0,0.0,44449.75,26.9,46.1,137,24.05,4.16,15.6,0.25,43.6045,1.444,135.0,0.65
2023-04-22,16.0,10.8,13.6,15.9,9.6,2.6,2.6,0.0,1646.75,27.5,46.8,185,5.87,1.33,14.7,0.255,43.6045,1.444,135.0,0.65
2023-04-23,19.6,8.3,12.7,18.3,6.5,3.8,3.8,0.0,26377.44,22.1,48.2,212,14.96,2.33,12.9,0.279,43.6045,1.444,135.0,0.65
2023-04-24,17.5,10.7,13.6,14.7,8.3,2.4,2.4,0.0,25678.16,19.8,37.1,286,13.93,2.38,13.5,0.314,43.6045,1.444,135.0,0.65
2023-04-25,15.0,12.7,13.6,14.1,12.0,7.2,7.2,0.0,0.0,14.6,27.4,308,5.17,0.99,13.7,0.365,43.6045,1.444,135.0,0.65
2023-04-26,17.4,11.2,14.4,18.7,11.2,5.9,5.9,0.0,0.0,8.6,19.1,247,7.27,1.33,14.3,0.367,43.6045,1.444,135.0,0.65
2023-04-27,24.2,12.0,17.9,26.4,11.6,0.0,0.0,0.0,37403.05,13.0,21.2,114,19.07,3.48,17.1,0.338,43.6045,1.444,135.0,0.65
2023-04-28,23.9,13.5,18.3,24.2,11.4,0.0,0.0,0.0,44243.61,24.5,43.9,137,22.23,4.3,18.1,0.307,43.6045,1.444,135.0,0.65
2023-04-29,20.4,13.1,16.8,20.6,12.9,12.7,12.7,0.0,5844.89,18.1,31.0,272,11.27,2.13,17.5,0.332,43.6045,1.444,135.0,0.65
2023-04-30,17.1,13.7,15.3,15.8,11.5,15.2,15.2,0.0,21097.58,24.2,42.5,280,11.35,1.78,15.9,0.419,43.6045,1.444,135.0,0.65
2023-05-01,18.7,11.8,14.6,16.1,9.5,10.5,10.5,0.0,34697.68,20.7,39.2,292,18.46,3.06,15.3,0.414,43.6045,1.444,135.0,0.65
2023-05-02,20.9,8.5,15.0,20.7,7.1,0.0,0.0,0.0,47000.89,13.4,26.3,312,26.72,4.4,15.9,0.386,43.6045,1.444,135.0,0.65
2023-05-03,25.1,8.3,16.7,24.2,6.0,0.0,0.0,0.0,46847.24,20.0,35.3,110,27.25,5.39,16.2,0.356,43.6045,1.444,135.0,0.65
2023-05-04,23.7,12.2,18.2,25.3,10.1,0.2,0.2,0.0,42644.05,27.8,48.2,140,21.65,4.28,18.3,0.335,43.6045,1.444,135.0,0.65
2023-05-05,23.7,13.9,18.4,26.1,12.1,0.8,0.8,0.0,44015.51,14.6,24.8,155,23.83,4.33,19.1,0.318,43.6045,1.444,135.0,0.65
2023-05-06,26.6,13.3,19.1,27.5,12.4,0.4,0.4,0.0,42602.36,18.1,35.3,139,24.26,4.55,19.0,0.303,43.6045,1.444,135.0,0.65
2023-05-07,20.4,14.3,16.7,20.3,13.2,3.6,3.6,0.0,27870.35,17.9,34.9,288,16.1,2.85,17.7,0.325,43.6045,1.444,135.0,0.65
2023-05-08,20.5,11.1,15.7,19.6,9.7,0.2,0.2,0.0,37391.92,16.6,33.1,292,18.2,3.16,16.9,0.325,43.6045,1.444,135.0,0.65
2023-05-09,17.2,11.7,14.7,16.5,10.9,7.3,7.3,0.0,8806.3,26.0,46.1,270,6.18,1.21,15.0,0.341,43.6045,1.444,135.0,0.65
2023-05-10,16.5,10.8,13.4,13.4,8.0,2.9,2.9,0.0,41915.01,23.7,47.9,286,19.74,3.06,14.4,0.367,43.6045,1.444,135.0,0.65
2023-05-11,16.3,9.2,12.2,13.4,6.7,1.9,1.9,0.0,34618.57,22.5,42.5,284,16.56,2.62,13.5,0.36,43.6045,1.444,135.0,0.65
2023-05-12,15.8,8.5,11.7,13.0,6.5,3.8,3.8,0.0,33246.78,16.9,33.5,293,16.62,2.53,13.0,0.363,43.6045,1.444,135.0,0.65
2023-05-13,18.1,9.5,13.1,15.6,7.3,11.0,11.0,0.0,26389.57,19.9,38.2,289,16.13,2.64,13.6,0.361,43.6045,1.444,135.0,0.65
2023-05-14,19.0,10.3,14.0,17.4,7.9,6.8,6.8,0.0,30921.84,21.5,42.8,286,17.18,2.84,14.2,0.37,43.6045,1.444,135.0,0.65
2023-05-15,18.5,11.3,14.0,15.6,8.6,3.2,3.2,0.0,27923.61,25.4,46.4,286,17.84,2.81,14.6,0.373,43.6045,1.444,135.0,0.65
2023-05-16,16.3,10.6,13.2,13.2,7.6,3.5,3.5,0.0,40874.62,27.2,50.8,307,18.94,3.19,14.2,0.397,43.6045,1.444,135.0,0.65
2023-05-17,17.5,7.6,12.7,14.0,4.5,0.0,0.0,0.0,38116.93,21.7,39.6,318,20.03,3.8,13.7,0.368,43.6045,1.444,135.0,0.65
2023-05-18,15.6,9.3,12.6,13.3,6.6,0.0,0.0,0.0,7379.35,16.3,28.1,286,8.32,2.18,13.4,0.348,43.6045,1.444,135.0,0.65
2023-05-19,16.5,11.1,13.5,14.9,8.9,1.8,1.8,0.0,16585.92,19.4,33.8,275,12.6,2.48,13.8,0.341,43.6045,1.444,135.0,0.65
2023-05-20,19.1,9.6,14.4,17.4,7.5,0.7,0.7,0.0,37586.2,14.4,28.8,278,16.42,2.97,14.8,0.331,43.6045,1.444,135.0,0.65
2023-05-21,18.1,12.0,15.0,18.4,10.8,1.7,1.7,0.0,24675.98,13.4,26.6,277,15.32,2.58,15.9,0.32,43.6045,1.444,135.0,0.65
2023-05-22,21.2,11.4,17.1,22.1,10.6,0.5,0.5,0.0,41646.7,11.0,20.2,311,20.66,3.55,17.1,0.319,43.6045,1.444,135.0,0.65
2023-05-23,23.5,12.9,17.9,26.2,12.9,0.9,0.9,0.0,43373.61,13.8,23.8,280,20.06,3.59,18.5,0.312,43.6045,1.444,135.0,0.65
2023-05-24,21.4,14.3,17.2,22.0,14.6,15.5,15.5,0.0,24246.17,16.8,36.4,274,15.2,2.66,17.7,0.387,43.6045,1.444,135.0,0.65
2023-05-25,20.6,12.4,16.5,20.6,10.8,0.1,0.1,0.0,48578.17,18.4,32.0,271,25.34,4.23,17.5,0.368,43.6045,1.444,135.0,0.65
2023-05-26,25.7,10.9,18.7,28.4,10.5,0.0,0.0,0.0,49905.29,10.1,24.8,103,27.64,4.94,18.5,0.337,43.6045,1.444,135.0,0.65
2023-05-27,27.6,12.8,20.4,30.1,12.3,0.0,0.0,0.0,49957.22,8.7,18.7,106,26.67,5.16,20.1,0.309,43.6045,1.444,135.0,0.65
2023-05-28,28.0,13.4,20.7,30.2,13.1,0.0,0.0,0.0,49662.14,12.1,24.8,140,26.15,5.11,20.8,0.288,43.6045,1.444,135.0,0.65
2023-05-29,25.3,12.1,19.4,27.1,11.9,1.0,1.0,0.0,49674.11,13.0,26.6,81,26.35,4.88,20.4,0.309,43.6045,1.444,135.0,0.65
2023-05-30,26.0,13.1,19.9,28.4,13.0,0.2,0.2,0.0,44967.94,9.0,17.3,114,26.34,4.91,21.1,0.286,43.6045,1.444,135.0,0.65
2023-05-31,25.5,15.4,19.0,28.6,16.1,10.1,10.1,0.0,36000.0,15.8,43.9,214,22.11,3.95,20.4,0.288,43.6045,1.444,135.0,0.65
2023-06-01,24.5,14.9,19.4,24.5,15.2,11.0,11.0,0.0,46891.7,20.8,42.5,123,22.99,4.39,19.8,0.364,43.6045,1.444,135.0,0.65
2023-06-02,25.7,12.8,19.4,27.6,12.1,0.4,0.4,0.0,37905.25,12.3,29.2,85,23.58,4.47,20.2,0.313,43.6045,1.444,135.0,0.65
2023-06-03,25.0,14.5,19.9,26.7,14.9,0.9,0.9,0.0,46464.43,14.0,28.8,119,24.2,4.45,20.7,0.293,43.6045,1.444,135.0,0.65
2023-06-04,25.6,14.2,20.1,28.0,14.4,0.6,0.6,0.0,45889.72,16.2,32.0,136,25.35,4.69,21.2,0.307,43.6045,1.444,135.0,0.65
2023-06-05,26.8,15.0,20.9,29.8,15.6,0.1,0.1,0.0,47541.36,11.3,23.4,134,26.17,5.04,22.0,0.278,43.6045,1.444,135.0,0.65
2023-06-06,27.5,15.2,20.7,29.1,16.1,2.1,2.1,0.0,50400.0,15.5,31.0,126,23.01,4.45,21.6,0.306,43.6045,1.444,135.0,0.65
2023-06-07,27.1,15.3,21.5,27.5,15.5,0.0,0.0,0.0,44941.96,21.5,40.0,121,23.93,4.92,21.7,0.284,43.6045,1.444,135.0,0.65
2023-06-08,27.2,17.3,22.1,28.2,18.1,0.0,0.0,0.0,42846.52,21.9,41.8,124,22.83,4.86,22.5,0.262,43.6045,1.444,135.0,0.65
2023-06-09,25.1,17.4,21.0,28.2,18.8,15.6,15.6,0.0,34377.15,21.3,36.7,147,17.93,3.6,22.2,0.293,43.6045,1.444,135.0,0.65
2023-06-10,27.3,15.1,21.1,29.9,16.2,0.3,0.3,0.0,50204.12,11.9,24.8,291,26.98,5.18,21.9,0.342,43.6045,1.444,135.0,0.65
2023-06-11,27.2,17.8,21.1,30.1,19.3,2.6,2.6,0.0,40693.95,19.9,38.9,292,20.51,3.81,22.5,0.301,43.6045,1.444,135.0,0.65
2023-06-12,24.5,16.0,20.0,28.1,17.0,0.7,0.7,0.0,31030.57,10.5,22.0,276,18.31,3.4,21.6,0.335,43.6045,1.444,135.0,0.65
2023-06-13,25.0,16.2,19.7,27.4,17.5,17.5,17.5,0.0,28809.84,15.0,29.9,292,19.13,3.6,21.0,0.355,43.6045,1.444,135.0,0.65
2023-06-14,24.7,16.8,20.0,25.2,16.6,12.6,12.6,0.0,33585.52,27.0,49.7,278,18.88,3.63,20.3,0.411,43.6045,1.444,135.0,0.65
2023-06-15,24.5,14.8,19.4,24.3,14.4,0.6,0.6,0.0,28967.17,19.8,36.0,293,18.31,3.6,20.4,0.385,43.6045,1.444,135.0,0.65
2023-06-16,27.8,16.2,22.0,30.5,16.8,0.0,0.0,0.0,50058.77,9.0,16.9,346,27.81,5.3,21.9,0.361,43.6045,1.444,135.0,0.65
2023-06-17,30.9,16.2,23.7,32.9,17.0,0.0,0.0,0.0,44695.91,9.3,20.9,112,27.6,5.78,23.1,0.333,43.6045,1.444,135.0,0.65
2023-06-18,28.9,17.5,22.9,30.7,18.5,23.6,23.6,0.0,35607.56,19.7,37.1,126,22.3,4.6,22.8,0.334,43.6045,1.444,135.0,0.65
2023-06-19,26.6,18.3,21.9,26.9,18.3,1.2,1.2,0.0,38616.26,29.5,53.6,132,19.2,4.25,22.1,0.382,43.6045,1.444,135.0,0.65
2023-06-20,27.7,20.1,23.3,29.6,18.4,8.0,8.0,0.0,38098.76,29.6,51.1,135,20.05,4.44,23.1,0.369,43.6045,1.444,135.0,0.65
2023-06-21,26.1,19.1,22.4,29.7,19.8,7.7,7.7,0.0,9197.13,23.2,41.4,343,12.29,2.51,22.6,0.401,43.6045,1.444,135.0,0.65
2023-06-22,24.4,18.8,21.2,24.0,20.3,12.6,12.6,0.0,49019.88,22.1,41.4,282,17.82,3.48,22.0,0.407,43.6045,1.444,135.0,0.65
2023-06-23,26.5,16.3,21.3,29.1,17.4,0.2,0.2,0.0,39821.23,12.6,24.5,298,22.8,4.42,22.2,0.374,43.6045,1.444,135.0,0.65
2023-06-24,28.9,15.8,22.8,31.2,16.3,0.0,0.0,0.0,50400.0,8.0,18.4,340,29.7,5.69,23.0,0.345,43.6045,1.444,135.0,0.65
2023-06-25,30.1,15.7,23.6,33.0,15.8,0.0,0.0,0.0,50436.46,20.1,33.8,272,29.2,6.16,23.6,0.315,43.6045,1.444,135.0,0.65
2023-06-26,25.1,19.1,21.9,25.8,20.0,0.0,0.0,0.0,31044.22,19.6,35.3,297,16.71,3.63,23.4,0.298,43.6045,1.444,135.0,0.65
2023-06-27,26.7,16.9,22.1,27.6,17.9,0.0,0.0,0.0,50400.0,14.0,28.4,299,28.58,5.63,23.5,0.281,43.6045,1.444,135.0,0.65
2023-06-28,27.5,16.4,22.4,28.6,16.6,0.0,0.0,0.0,50400.0,12.8,28.4,294,29.11,5.86,23.6,0.258,43.6045,1.444,135.0,0.65
2023-06-29,25.3,16.8,21.3,26.9,17.0,1.3,1.3,0.0,38611.91,18.4,35.6,279,21.7,4.54,23.0,0.243,43.6045,1.444,135.0,0.65
2023-06-30,22.2,16.1,19.2,20.3,15.6,5.2,5.2,0.0,37704.5,25.3,47.9,282,19.5,4.0,20.6,0.353,43.6045,1.444,135.0,0.65
2023-07-01,23.0,17.3,19.6,21.3,16.1,1.0,1.0,0.0,10506.78,27.6,50.8,276,11.39,3.03,20.4,0.323,43.6045,1.444,135.0,0.65
2023-07-02,24.2,17.7,20.7,24.4,17.6,2.9,2.9,0.0,36126.01,19.0,37.4,289,18.77,3.69,21.3,0.315,43.6045,1.444,135.0,0.65
2023-07-03,25.0,14.6,20.2,26.2,14.6,0.0,0.0,0.0,50400.0,13.3,24.5,317,26.27,4.93,22.1,0.297,43.6045,1.444,135.0,0.65
2023-07-04,26.0,15.0,20.9,28.4,15.3,1.1,1.1,0.0,47779.85,14.8,28.4,302,23.3,4.48,22.4,0.275,43.6045,1.444,135.0,0.65
2023-07-05,25.7,16.3,21.0,25.2,16.6,0.0,0.0,0.0,43224.91,15.3,25.9,283,19.44,4.1,22.4,0.262,43.6045,1.444,135.0,0.65
2023-07-06,29.5,17.3,23.0,32.2,18.6,0.0,0.0,0.0,43200.0,11.8,23.0,43,24.51,5.11,23.9,0.241,43.6045,1.444,135.0,0.65
2023-07-07,31.2,19.3,24.5,32.1,18.9,0.7,0.7,0.0,39600.0,31.2,56.2,130,24.93,6.5,24.7,0.219,43.6045,1.444,135.0,0.65
2023-07-08,32.6,19.9,26.0,36.3,19.1,0.1,0.1,0.0,50400.0,18.9,31.7,125,27.31,6.41,25.6,0.208,43.6045,1.444,135.0,0.65
2023-07-09,30.2,21.4,25.8,33.1,21.5,0.0,0.0,0.0,50400.0,16.3,31.0,230,22.9,5.5,26.6,0.196,43.6045,1.444,135.0,0.65
2023-07-10,33.3,20.4,27.0,38.1,21.7,0.0,0.0,0.0,50400.0,10.8,18.7,305,27.95,6.09,28.2,0.187,43.6045,1.444,135.0,0.65
2023-07-11,33.1,21.7,27.4,37.9,24.8,3.1,3.1,0.0,50319.65,22.4,45.0,247,25.95,6.05,28.3,0.185,43.6045,1.444,135.0,0.65
2023-07-12,26.6,20.0,23.3,26.1,21.1,0.3,0.3,0.0,35666.2,20.4,39.2,307,16.01,4.11,25.7,0.184,43.6045,1.444,135.0,0.65
2023-07-13,25.4,17.7,21.6,24.8,16.9,0.0,0.0,0.0,50400.0,17.3,36.4,318,24.63,5.24,24.8,0.176,43.6045,1.444,135.0,0.65
2023-07-14,33.9,14.5,24.3,34.1,13.9,0.0,0.0,0.0,50400.0,22.7,39.6,127,28.03,7.05,24.7,0.17,43.6045,1.444,135.0,0.65
2023-07-15,28.5,20.5,23.4,30.4,20.3,0.5,0.5,0.0,37984.87,27.2,53.3,262,17.94,4.41,26.2,0.165,43.6045,1.444,135.0,0.65
2023-07-16,27.6,17.9,22.6,29.0,18.3,0.0,0.0,0.0,46356.02,11.5,25.2,330,26.97,5.6,25.5,0.164,43.6045,1.444,135.0,0.65
2023-07-17,30.8,17.5,24.4,33.0,17.8,0.0,0.0,0.0,50400.0,11.7,22.0,333,27.78,5.99,26.6,0.156,43.6045,1.444,135.0,0.65
2023-07-18,36.7,20.7,28.3,39.7,22.3,0.1,0.1,0.0,45392.28,27.1,53.6,232,26.93,7.26,28.7,0.153,43.6045,1.444,135.0,0.65
2023-07-19,30.2,19.7,23.9,30.7,19.1,0.0,0.0,0.0,50303.28,21.1,42.5,298,26.78,6.2,27.1,0.156,43.6045,1.444,135.0,0.65
2023-07-20,28.9,16.6,23.3,30.8,17.1,0.0,0.0,0.0,50207.13,18.8,34.2,303,27.43,6.07,26.3,0.159,43.6045,1.444,135.0,0.65
2023-07-21,25.8,16.4,21.6,23.9,16.1,0.3,0.3,0.0,43512.49,18.2,36.7,300,18.69,4.63,24.8,0.157,43.6045,1.444,135.0,0.65
2023-07-22,27.7,16.7,22.4,28.7,16.4,0.0,0.0,0.0,50005.49,11.9,27.4,307,26.7,5.48,25.1,0.161,43.6045,1.444,135.0,0.65
2023-07-23,33.4,17.2,24.9,36.4,17.6,0.0,0.0,0.0,49900.28,13.4,25.9,62,26.28,5.63,26.5,0.159,43.6045,1.444,135.0,0.65
2023-07-24,24.7,20.2,22.3,27.0,19.0,0.1,0.1,0.0,5392.84,21.0,36.7,287,10.58,3.06,25.1,0.161,43.6045,1.444,135.0,0.65
2023-07-25,22.8,16.8,19.7,18.8,14.9,0.6,0.6,0.0,40917.29,27.9,51.5,283,18.95,4.63,22.5,0.199,43.6045,1.444,135.0,0.65
2023-07-26,25.4,14.8,20.1,24.0,14.7,0.1,0.1,0.0,44625.42,18.0,34.6,282,18.32,4.14,22.3,0.2,43.6045,1.444,135.0,0.65
2023-07-27,31.7,15.4,23.1,34.4,16.9,6.1,6.1,0.0,46309.82,28.9,50.8,183,26.32,5.37,24.5,0.198,43.6045,1.444,135.0,0.65
2023-07-28,28.8,16.9,23.2,30.9,18.3,0.1,0.1,0.0,49062.32,13.3,25.6,267,21.37,4.29,25.2,0.182,43.6045,1.444,135.0,0.65
2023-07-29,32.1,18.9,24.6,35.1,20.2,1.4,1.4,0.0,46736.64,18.1,36.0,279,24.66,5.39,26.3,0.174,43.6045,1.444,135.0,0.65
2023-07-30,26.6,19.1,22.3,25.5,19.5,0.3,0.3,0.0,30176.19,18.3,35.3,313,15.55,3.9,24.2,0.243,43.6045,1.444,135.0,0.65
2023-07-31,27.5,15.4,21.8,27.7,15.2,0.0,0.0,0.0,48970.79,15.7,30.6,288,26.63,5.64,24.2,0.227,43.6045,1.444,135.0,0.65
2023-08-01,27.3,16.8,22.0,25.5,17.3,2.1,2.1,0.0,34521.5,28.5,53.3,272,15.83,4.18,23.2,0.218,43.6045,1.444,135.0,0.65
2023-08-02,30.3,16.9,22.9,29.7,18.0,0.2,0.2,0.0,46368.77,26.0,52.9,272,23.15,5.43,24.2,0.215,43.6045,1.444,135.0,0.65
2023-08-03,24.4,16.7,20.5,21.7,15.7,0.3,0.3,0.0,48590.41,30.2,54.7,280,23.44,5.34,22.7,0.213,43.6045,1.444,135.0,0.65
2023-08-04,23.1,14.8,18.7,19.3,13.0,1.1,1.1,0.0,42518.36,28.6,53.6,293,19.36,4.67,21.1,0.209,43.6045,1.444,135.0,0.65
2023-08-05,24.6,13.2,18.7,21.9,12.3,0.3,0.3,0.0,33382.84,26.6,49.3,287,16.56,4.33,20.6,0.205,43.6045,1.444,135.0,0.65
2023-08-06,23.0,15.2,18.9,19.8,13.2,0.8,0.8,0.0,38599.18,22.4,43.2,304,19.02,4.6,21.0,0.2,43.6045,1.444,135.0,0.65
2023-08-07,24.7,12.8,18.7,24.2,11.8,0.0,0.0,0.0,47275.48,13.5,24.8,318,26.54,5.1,21.8,0.189,43.6045,1.444,135.0,0.65
2023-08-08,29.0,11.7,20.9,28.6,10.9,0.0,0.0,0.0,47925.55,9.6,19.8,354,26.73,5.46,22.4,0.174,43.6045,1.444,135.0,0.65
2023-08-09,32.5,12.9,23.3,32.2,11.8,0.0,0.0,0.0,47786.16,9.2,22.0,68,26.67,5.78,23.9,0.159,43.6045,1.444,135.0,0.65
2023-08-10,30.0,19.5,24.8,29.7,17.6,0.0,0.0,0.0,46803.7,21.6,41.8,277,24.23,6.36,25.7,0.157,43.6045,1.444,135.0,0.65
2023-08-11,32.4,16.4,24.4,33.7,17.5,0.0,0.0,0.0,47482.8,9.2,18.4,324,25.24,5.24,26.6,0.154,43.6045,1.444,135.0,0.65
2023-08-12,32.4,18.3,25.8,35.3,19.0,0.0,0.0,0.0,46257.81,14.3,23.4,286,24.17,5.46,27.1,0.15,43.6045,1.444,135.0,0.65
2023-08-13,32.9,21.2,26.8,35.0,23.3,0.0,0.0,0.0,45524.21,13.5,25.2,272,22.44,5.24,29.0,0.152,43.6045,1.444,135.0,0.65
2023-08-14,32.3,22.5,26.6,34.8,23.9,4.7,4.7,0.0,40221.42,20.4,38.5,147,21.09,5.35,28.9,0.156,43.6045,1.444,135.0,0.65
2023-08-15,31.8,20.4,25.0,34.2,21.6,1.9,1.9,0.0,29791.72,17.8,30.6,278,15.9,3.9,27.2,0.174,43.6045,1.444,135.0,0.65
2023-08-16,31.7,20.9,26.3,34.3,22.5,0.0,0.0,0.0,44056.76,12.4,25.6,161,19.73,4.44,28.2,0.164,43.6045,1.444,135.0,0.65
2023-08-17,33.5,20.7,26.5,34.8,23.5,0.0,0.0,0.0,45298.88,17.1,32.4,149,22.66,5.66,28.4,0.164,43.6045,1.444,135.0,0.65
2023-08-18,35.1,21.4,27.5,33.8,20.7,0.0,0.0,0.0,43691.48,22.7,43.6,140,23.37,7.37,28.4,0.159,43.6045,1.444,135.0,0.65
2023-08-19,34.1,22.2,27.6,37.1,24.5,0.0,0.0,0.0,44158.21,19.1,32.4,147,23.01,5.31,29.6,0.153,43.6045,1.444,135.0,0.65
2023-08-20,36.9,21.3,29.3,39.8,23.9,0.0,0.0,0.0,44540.32,12.4,21.2,323,23.62,5.81,30.4,0.155,43.6045,1.444,135.0,0.65
2023-08-21,37.0,22.4,29.5,39.4,24.3,0.0,0.0,0.0,44114.47,12.6,22.3,319,23.16,5.65,31.4,0.151,43.6045,1.444,135.0,0.65
2023-08-22,38.0,23.5,30.5,41.0,25.6,0.0,0.0,0.0,43800.15,13.0,23.0,315,22.94,5.72,32.2,0.151,43.6045,1.444,135.0,0.65
2023-08-23,40.9,23.9,32.5,42.9,27.0,0.0,0.0,0.0,43903.69,10.9,25.6,57,22.92,6.15,33.3,0.148,43.6045,1.444,135.0,0.65
2023-08-24,40.6,27.6,33.2,42.5,26.5,0.0,0.0,0.0,43892.89,22.1,38.9,144,21.86,8.29,34.1,0.138,43.6045,1.444,135.0,0.65
2023-08-25,28.9,22.5,25.4,31.0,23.4,0.0,0.0,0.0,27543.41,17.0,33.1,284,12.73,3.91,29.4,0.144,43.6045,1.444,135.0,0.65
2023-08-26,23.9,17.8,20.6,23.5,17.4,22.8,22.8,0.0,5360.86,15.6,27.7,330,9.36,2.6,24.5,0.227,43.6045,1.444,135.0,0.65
2023-08-27,21.5,15.5,18.3,18.2,14.8,4.0,4.0,0.0,22402.13,24.0,46.4,304,13.22,3.33,20.5,0.312,43.6045,1.444,135.0,0.65
2023-08-28,23.7,14.9,18.9,19.9,12.9,0.3,0.3,0.0,39263.76,31.5,58.7,299,17.22,4.52,21.1,0.277,43.6045,1.444,135.0,0.65
2023-08-29,22.6,14.0,18.2,19.1,12.3,0.9,0.9,0.0,41158.47,24.5,46.8,286,15.62,3.89,20.5,0.254,43.6045,1.444,135.0,0.65
2023-08-30,22.8,12.0,17.6,21.2,11.7,2.0,2.0,0.0,34192.22,20.6,38.2,286,14.16,3.02,20.2,0.245,43.6045,1.444,135.0,0.65
2023-08-31,27.1,13.7,19.8,25.5,13.9,0.1,0.1,0.0,43200.0,14.4,28.4,286,18.67,3.91,21.2,0.241,43.6045,1.444,135.0,0.65
2023-09-01,31.7,13.8,22.4,31.4,13.6,0.0,0.0,0.0,43297.16,20.4,37.8,120,21.73,5.35,23.1,0.211,43.6045,1.444,135.0,0.65
2023-09-02,26.9,19.9,23.0,26.3,20.8,2.0,2.0,0.0,17829.39,23.5,45.7,124,11.81,3.48,24.1,0.204,43.6045,1.444,135.0,0.65
2023-09-03,30.7,15.7,23.2,27.9,15.6,0.0,0.0,0.0,43125.45,29.5,50.8,110,19.54,6.14,23.9,0.204,43.6045,1.444,135.0,0.65
2023-09-04,33.1,23.6,27.6,27.9,17.5,0.0,0.0,0.0,43055.69,39.0,69.1,121,21.68,11.08,27.2,0.185,43.6045,1.444,135.0,0.65
2023-09-05,32.7,22.3,26.6,32.1,19.4,0.0,0.0,0.0,42913.8,30.3,59.0,137,21.14,7.42,27.5,0.17,43.6045,1.444,135.0,0.65
2023-09-06,31.5,19.8,25.3,30.7,18.7,0.0,0.0,0.0,42807.21,23.4,45.4,119,21.27,6.51,27.1,0.164,43.6045,1.444,135.0,0.65
2023-09-07,32.6,18.0,24.8,30.8,16.0,0.0,0.0,0.0,42700.23,22.9,44.3,126,21.3,6.85,26.2,0.17,43.6045,1.444,135.0,0.65
2023-09-08,32.4,16.0,24.3,30.6,15.4,0.0,0.0,0.0,42592.97,22.1,43.6,118,21.21,6.25,25.6,0.169,43.6045,1.444,135.0,0.65
2023-09-09,33.1,18.0,25.1,31.4,16.5,0.0,0.0,0.0,42485.55,23.5,45.7,123,21.19,6.8,25.9,0.163,43.6045,1.444,135.0,0.65
2023-09-10,32.8,17.9,25.0,32.7,16.8,0.0,0.0,0.0,42378.05,17.4,35.6,130,20.22,6.08,26.2,0.164,43.6045,1.444,135.0,0.65
2023-09-11,30.8,20.0,24.4,32.9,19.2,2.2,2.2,0.0,39230.43,19.5,38.9,148,18.45,4.9,26.5,0.163,43.6045,1.444,135.0,0.65
2023-09-12,23.4,18.6,20.6,25.4,20.2,8.5,8.5,0.0,2269.81,16.1,29.5,251,7.51,1.63,22.7,0.261,43.6045,1.444,135.0,0.65
2023-09-13,24.8,17.3,20.5,24.5,17.8,1.2,1.2,0.0,35796.14,15.5,31.3,293,16.1,3.16,21.8,0.306,43.6045,1.444,135.0,0.65
2023-09-14,26.9,14.9,20.8,28.1,15.6,0.0,0.0,0.0,41949.42,8.4,21.6,310,19.7,3.73,22.5,0.275,43.6045,1.444,135.0,0.65
2023-09-15,29.4,15.7,21.8,28.9,16.1,4.6,4.6,0.0,35526.05,26.6,50.0,121,17.95,4.54,22.7,0.248,43.6045,1.444,135.0,0.65
2023-09-16,29.9,17.1,22.6,30.0,17.7,6.5,6.5,0.0,40229.24,22.9,42.5,133,18.25,4.23,22.9,0.298,43.6045,1.444,135.0,0.65
2023-09-17,28.9,21.5,24.3,28.5,22.2,0.0,0.0,0.0,36000.0,33.2,63.4,137,15.02,3.83,24.7,0.263,43.6045,1.444,135.0,0.65
2023-09-18,25.7,17.2,21.2,27.1,18.5,13.7,13.7,0.0,41137.34,23.5,42.8,278,17.07,3.74,22.6,0.344,43.6045,1.444,135.0,0.65
2023-09-19,25.0,15.0,19.5,25.3,15.7,0.0,0.0,0.0,40653.31,10.7,22.3,270,16.7,3.16,21.7,0.297,43.6045,1.444,135.0,0.65
2023-09-20,26.8,15.0,20.1,27.3,15.0,0.0,0.0,0.0,39951.03,16.6,35.3,129,17.31,3.62,21.6,0.267,43.6045,1.444,135.0,0.65
2023-09-21,24.9,16.3,18.8,25.2,16.0,6.6,6.6,0.0,15886.11,25.2,48.6,165,10.2,2.16,20.6,0.258,43.6045,1.444,135.0,0.65
2023-09-22,19.9,12.7,16.1,16.3,12.0,2.0,2.0,0.0,39681.63,29.5,57.2,265,16.15,2.99,18.2,0.305,43.6045,1.444,135.0,0.65
2023-09-23,21.2,11.8,15.8,18.6,10.8,0.2,0.2,0.0,31709.69,18.1,35.6,292,13.34,2.73,17.6,0.286,43.6045,1.444,135.0,0.65
2023-09-24,24.6,9.1,16.4,23.2,7.9,0.0,0.0,0.0,39715.86,10.7,20.5,84,18.51,3.5,17.7,0.261,43.6045,1.444,135.0,0.65
2023-09-25,27.0,10.3,18.0,26.2,8.5,0.0,0.0,0.0,39429.69,11.5,18.7,104,18.26,3.72,19.1,0.234,43.6045,1.444,135.0,0.65
2023-09-26,28.2,15.4,21.2,28.7,13.0,0.0,0.0,0.0,39164.62,16.6,29.5,135,17.85,4.35,20.8,0.216,43.6045,1.444,135.0,0.65
2023-09-27,30.6,13.4,21.8,28.1,13.6,0.0,0.0,0.0,36332.26,17.2,36.4,139,16.91,4.42,21.5,0.2,43.6045,1.444,135.0,0.65
2023-09-28,31.4,15.2,22.4,31.2,16.3,0.0,0.0,0.0,36493.35,11.8,22.0,185,17.05,3.64,23.1,0.186,43.6045,1.444,135.0,0.65
2023-09-29,28.7,15.4,22.0,29.5,16.0,0.0,0.0,0.0,38643.59,13.5,27.7,329,16.86,3.67,23.3,0.175,43.6045,1.444,135.0,0.65
2023-09-30,29.0,15.5,22.1,29.9,16.2,0.0,0.0,0.0,38537.26,10.8,22.3,354,16.62,3.47,23.5,0.166,43.6045,1.444,135.0,0.65
2023-10-01,32.6,15.1,23.3,31.9,16.0,0.0,0.0,0.0,38466.45,21.5,36.4,127,16.87,4.7,23.7,0.156,43.6045,1.444,135.0,0.65
2023-10-02,29.1,18.3,22.4,27.6,16.5,0.0,0.0,0.0,38395.29,26.2,49.3,132,16.03,4.78,23.5,0.152,43.6045,1.444,135.0,0.65
2023-10-03,24.4,19.5,21.2,24.2,19.9,0.5,0.5,0.0,19597.45,21.1,38.2,274,8.56,2.13,22.7,0.154,43.6045,1.444,135.0,0.65
2023-10-04,24.6,16.7,20.3,23.1,14.6,0.0,0.0,0.0,35219.59,11.8,26.3,339,14.33,3.31,22.3,0.16,43.6045,1.444,135.0,0.65
2023-10-05,26.6,11.8,18.7,25.9,10.7,0.0,0.0,0.0,38179.74,9.4,21.6,35,16.12,3.37,20.4,0.166,43.6045,1.444,135.0,0.65
2023-10-06,27.6,10.4,18.8,26.4,8.2,0.0,0.0,0.0,38045.21,10.5,18.7,49,16.31,3.46,19.9,0.172,43.6045,1.444,135.0,0.65
2023-10-07,28.0,9.6,18.6,26.4,8.3,0.0,0.0,0.0,37864.88,11.0,16.6,63,16.48,3.43,19.4,0.158,43.6045,1.444,135.0,0.65
2023-10-08,30.6,10.6,20.1,28.0,8.7,0.0,0.0,0.0,37145.62,15.1,29.5,133,15.24,4.32,19.9,0.151,43.6045,1.444,135.0,0.65
2023-10-09,30.3,12.9,20.7,28.9,11.5,0.0,0.0,0.0,37502.08,11.5,21.6,111,15.57,3.64,21.3,0.149,43.6045,1.444,135.0,0.65
2023-10-10,29.2,12.0,20.5,27.7,11.4,0.0,0.0,0.0,37319.87,10.9,21.2,14,15.32,3.28,20.9,0.144,43.6045,1.444,135.0,0.65
2023-10-11,29.8,12.6,20.4,29.1,11.6,0.0,0.0,0.0,37137.27,16.7,28.4,144,15.06,3.42,21.2,0.151,43.6045,1.444,135.0,0.65
2023-10-12,29.4,17.1,21.8,28.6,17.4,0.0,0.0,0.0,35310.81,17.4,32.0,145,14.12,3.27,22.6,0.152,43.6045,1.444,135.0,0.65
2023-10-13,28.4,17.1,21.7,26.7,16.1,0.0,0.0,0.0,35335.15,24.7,44.3,146,13.89,3.76,22.5,0.155,43.6045,1.444,135.0,0.65
2023-10-14,22.3,16.6,19.3,22.5,15.9,2.4,2.4,0.0,24553.81,18.7,35.6,303,9.18,1.97,21.1,0.161,43.6045,1.444,135.0,0.65
2023-10-15,18.3,11.9,15.3,15.9,10.0,0.0,0.0,0.0,30952.9,16.6,29.5,325,12.54,2.6,19.2,0.161,43.6045,1.444,135.0,0.65
2023-10-16,23.2,12.0,16.3,20.4,10.5,0.0,0.0,0.0,16871.35,17.6,31.7,120,7.61,2.48,17.3,0.166,43.6045,1.444,135.0,0.65
2023-10-17,24.1,15.2,19.5,22.3,13.3,0.0,0.0,0.0,31654.63,33.2,59.8,124,11.99,2.96,19.9,0.167,43.6045,1.444,135.0,0.65
2023-10-18,26.5,17.5,20.9,28.1,17.6,1.5,1.5,0.0,34136.01,28.9,55.4,139,8.76,2.35,21.2,0.172,43.6045,1.444,135.0,0.65
2023-10-19,25.1,16.6,19.3,25.1,16.7,6.5,6.5,0.0,7791.07,19.1,33.8,127,6.13,1.56,19.4,0.195,43.6045,1.444,135.0,0.65
2023-10-20,21.0,12.6,16.2,18.7,9.8,1.3,1.3,0.0,25387.73,36.4,74.5,249,7.83,1.98,17.1,0.316,43.6045,1.444,135.0,0.65
2023-10-21,18.9,10.5,14.2,14.9,8.1,0.0,0.0,0.0,34629.07,25.2,47.9,270,12.4,2.74,16.3,0.292,43.6045,1.444,135.0,0.65
2023-10-22,19.4,6.9,12.9,16.0,5.2,0.0,0.0,0.0,31263.05,21.1,40.7,117,9.89,2.15,14.3,0.272,43.6045,1.444,135.0,0.65
2023-10-23,19.6,14.0,17.1,18.3,11.5,2.0,2.0,0.0,32622.93,44.7,80.3,141,9.31,2.64,17.3,0.269,43.6045,1.444,135.0,0.65
2023-10-24,18.5,12.4,14.7,17.4,11.0,6.9,6.9,0.0,28517.79,15.3,27.4,271,10.75,1.86,16.1,0.318,43.6045,1.444,135.0,0.65
2023-10-25,19.2,12.2,15.4,16.9,10.8,1.9,1.9,0.0,3787.81,22.1,38.5,206,4.6,1.43,15.7,0.308,43.6045,1.444,135.0,0.65
2023-10-26,16.7,13.8,15.3,17.8,11.8,24.3,24.3,0.0,607.47,21.4,37.8,262,3.16,0.65,15.5,0.39,43.6045,1.444,135.0,0.65
2023-10-27,17.8,10.5,13.3,16.7,8.8,2.3,2.3,0.0,29744.82,22.1,40.0,254,9.77,1.58,14.5,0.384,43.6045,1.444,135.0,0.65
2023-10-28,20.3,10.1,14.5,17.7,7.3,0.0,0.0,0.0,33316.51,27.5,48.2,148,11.62,2.65,14.5,0.358,43.6045,1.444,135.0,0.65
2023-10-29,21.6,13.2,16.4,20.3,10.0,0.0,0.0,0.0,32489.96,25.5,44.6,148,9.89,2.36,16.0,0.34,43.6045,1.444,135.0,0.65
2023-10-30,16.2,10.2,13.7,15.8,9.1,6.8,6.8,0.0,0.0,20.7,37.8,176,2.07,0.66,14.5,0.359,43.6045,1.444,135.0,0.65
2023-10-31,18.5,9.1,12.8,16.1,7.2,0.0,0.0,0.0,32592.17,18.2,35.6,255,11.04,1.89,13.0,0.368,43.6045,1.444,135.0,0.65
2023-11-01,16.4,7.8,11.9,14.0,5.8,0.1,0.1,0.0,17454.84,19.4,32.0,154,5.47,1.04,12.5,0.351,43.6045,1.444,135.0,0.65
2023-11-02,14.4,8.3,12.0,12.1,3.6,19.7,19.7,0.0,6536.8,32.3,56.2,219,3.5,1.24,12.5,0.397,43.6045,1.444,135.0,0.65
2023-11-03,10.6,6.4,8.9,5.1,2.4,6.9,6.9,0.0,11836.42,39.3,69.1,257,4.26,1.05,9.5,0.41,43.6045,1.444,135.0,0.65
2023-11-04,14.1,8.2,10.7,12.6,4.7,13.7,13.7,0.0,4547.2,29.8,51.1,180,3.48,0.81,10.4,0.421,43.6045,1.444,135.0,0.65
2023-11-05,16.0,7.7,12.6,11.6,5.7,0.0,0.0,0.0,32115.59,32.0,63.4,266,9.15,2.6,11.8,0.398,43.6045,1.444,135.0,0.65
2023-11-06,14.8,6.5,9.8,11.4,4.5,1.0,1.0,0.0,32128.31,17.3,38.9,258,10.3,1.55,11.1,0.38,43.6045,1.444,135.0,0.65
2023-11-07,14.0,5.1,8.9,12.3,2.9,0.0,0.0,0.0,30723.93,9.6,17.6,209,9.79,1.33,10.7,0.364,43.6045,1.444,135.0,0.65
2023-11-08,15.7,5.7,10.2,13.6,3.6,0.0,0.0,0.0,31902.58,17.6,28.8,153,10.42,1.63,11.1,0.356,43.6045,1.444,135.0,0.65
2023-11-09,14.5,9.7,11.6,11.3,7.1,10.7,10.7,0.0,25276.91,24.9,48.2,240,6.85,1.23,11.8,0.388,43.6045,1.444,135.0,0.65
2023-11-10,13.1,9.5,11.1,9.7,7.0,16.0,16.0,0.0,17070.41,24.1,50.8,269,3.96,0.81,11.3,0.41,43.6045,1.444,135.0,0.65
2023-11-11,13.2,9.1,10.9,12.5,7.3,5.0,5.0,0.0,3600.0,14.1,40.0,160,3.6,0.64,11.1,0.403,43.6045,1.444,135.0,0.65
2023-11-12,17.6,11.6,14.9,15.4,10.0,6.5,6.5,0.0,14633.11,26.3,52.6,273,5.67,1.27,13.7,0.418,43.6045,1.444,135.0,0.65
2023-11-13,21.9,8.9,14.2,22.6,6.8,0.0,0.0,0.0,27547.57,13.9,24.1,145,8.36,1.42,13.5,0.395,43.6045,1.444,135.0,0.65
2023-11-14,22.3,11.6,16.4,23.0,11.1,0.0,0.0,0.0,31265.95,23.2,40.7,267,9.03,1.87,15.6,0.379,43.6045,1.444,135.0,0.65
2023-11-15,16.1,9.1,13.4,14.7,7.5,0.1,0.1,0.0,28679.2,18.8,33.8,302,8.13,1.37,14.7,0.372,43.6045,1.444,135.0,0.65
2023-11-16,17.4,8.9,12.6,14.8,6.7,2.3,2.3,0.0,17817.79,28.6,52.2,245,4.57,1.14,12.5,0.38,43.6045,1.444,135.0,0.65
2023-11-17,14.6,9.4,12.1,12.0,7.7,1.1,1.1,0.0,30867.41,20.2,35.6,285,6.84,1.11,12.8,0.38,43.6045,1.444,135.0,0.65
2023-11-18,17.5,5.8,10.2,16.2,3.8,0.0,0.0,0.0,30195.71,8.6,18.7,121,8.4,1.23,11.2,0.372,43.6045,1.444,135.0,0.65
2023-11-19,17.1,6.0,11.1,16.9,4.2,0.0,0.0,0.0,30587.31,8.4,12.2,213,8.84,1.21,11.0,0.358,43.6045,1.444,135.0,0.65
2023-11-20,14.8,7.4,11.0,13.6,6.0,1.8,1.8,0.0,9317.47,20.2,35.3,284,3.38,0.57,11.2,0.355,43.6045,1.444,135.0,0.65
2023-11-21,12.2,8.8,10.1,8.4,5.2,8.6,8.6,0.0,15792.58,23.7,43.6,292,4.24,0.71,10.6,0.385,43.6045,1.444,135.0,0.65
2023-11-22,12.2,6.3,9.3,7.5,3.0,0.4,0.4,0.0,29570.42,26.4,49.0,318,5.9,1.11,10.3,0.38,43.6045,1.444,135.0,0.65
2023-11-23,8.8,1.7,5.2,4.6,-1.4,0.0,0.0,0.0,30054.07,17.0,34.2,283,8.32,1.0,7.9,0.368,43.6045,1.444,135.0,0.65
2023-11-24,10.0,4.1,7.5,6.3,1.1,0.7,0.7,0.0,0.0,22.3,41.4,279,2.34,0.61,8.2,0.365,43.6045,1.444,135.0,0.65
2023-11-25,9.1,0.8,6.3,5.6,-2.6,0.5,0.5,0.0,29804.19,23.4,40.7,313,8.92,1.05,8.2,0.367,43.6045,1.444,135.0,0.65
2023-11-26,8.1,-2.0,2.5,5.9,-5.2,0.0,0.0,0.0,29549.34,6.7,12.6,36,8.53,0.89,4.5,0.358,43.6045,1.444,135.0,0.65
2023-11-27,11.2,0.8,6.0,7.8,-1.9,5.9,5.9,0.0,5787.44,25.6,49.7,245,2.55,0.48,5.6,0.371,43.6045,1.444,135.0,0.65
2023-11-28,11.4,4.9,9.3,8.2,2.5,5.2,5.2,0.0,0.0,28.2,52.6,287,1.65,0.44,9.1,0.406,43.6045,1.444,135.0,0.65
2023-11-29,11.4,1.1,6.3,8.5,-1.8,0.8,0.8,0.0,15725.31,25.7,45.0,120,5.17,0.94,7.3,0.381,43.6045,1.444,135.0,0.65
2023-11-30,11.8,7.1,9.4,11.8,3.1,5.5,5.5,0.0,35.81,27.5,47.2,153,2.03,0.63,9.2,0.388,43.6045,1.444,135.0,0.65
2023-12-01,9.9,7.3,8.3,8.6,3.7,20.1,20.1,0.0,0.0,18.3,32.4,310,0.78,0.23,8.9,0.429,43.6045,1.444,135.0,0.65
2023-12-02,7.3,0.0,4.8,4.7,-3.6,2.5,2.5,0.0,11028.28,20.4,38.5,299,5.41,0.74,6.8,0.409,43.6045,1.444,135.0,0.65
2023-12-03,8.7,-2.5,2.6,4.3,-5.7,0.0,0.0,0.0,28296.45,28.6,49.3,111,7.92,1.27,4.2,0.387,43.6045,1.444,135.0,0.65
2023-12-04,13.1,5.9,8.8,11.3,-0.5,2.7,2.7,0.0,21709.89,28.6,49.3,170,5.48,1.37,7.6,0.385,43.6045,1.444,135.0,0.65
2023-12-05,11.0,5.4,7.7,6.3,1.5,1.7,1.7,0.0,28404.58,25.6,49.0,266,6.97,0.94,8.0,0.381,43.6045,1.444,135.0,0.65
2023-12-06,7.8,1.5,5.1,5.8,-1.4,0.0,0.0,0.0,14237.61,8.2,18.0,30,4.55,0.51,6.4,0.368,43.6045,1.444,135.0,0.65
2023-12-07,12.1,0.1,5.7,8.3,-3.1,0.3,0.3,0.0,14401.66,28.6,49.3,134,4.83,1.09,5.4,0.357,43.6045,1.444,135.0,0.65
2023-12-08,12.1,6.8,9.0,8.3,3.3,16.1,16.1,0.0,24224.88,23.9,46.1,260,4.98,0.74,8.3,0.41,43.6045,1.444,135.0,0.65
2023-12-09,15.1,5.6,9.7,13.0,3.5,6.9,6.9,0.0,0.0,29.1,52.9,230,2.3,0.64,8.3,0.403,43.6045,1.444,135.0,0.65
2023-12-10,14.2,6.8,11.3,14.0,5.3,1.0,1.0,0.0,10414.22,19.5,40.0,205,4.49,0.62,10.5,0.4,43.6045,1.444,135.0,0.65
2023-12-11,16.9,8.8,12.1,16.8,7.6,0.0,0.0,0.0,24217.94,9.5,19.4,213,6.13,0.9,11.1,0.393,43.6045,1.444,135.0,0.65
2023-12-12,14.7,7.7,10.7,14.4,5.8,1.7,1.7,0.0,14400.0,12.4,21.2,199,3.81,0.59,10.3,0.385,43.6045,1.444,135.0,0.65
2023-12-13,11.5,7.5,10.0,9.5,3.5,14.7,14.7,0.0,21135.06,36.6,63.7,263,4.71,0.9,10.1,0.416,43.6045,1.444,135.0,0.65
2023-12-14,8.3,6.2,7.3,4.0,1.6,8.1,8.1,0.0,0.0,28.3,48.2,294,2.56,0.78,8.2,0.416,43.6045,1.444,135.0,0.65
2023-12-15,10.0,7.2,8.6,7.7,4.1,0.4,0.4,0.0,0.0,15.1,28.1,300,1.81,0.41,8.7,0.4,43.6045,1.444,135.0,0.65
2023-12-16,8.5,1.6,5.3,6.4,-1.6,0.0,0.0,0.0,27902.46,10.8,15.1,309,6.98,0.71,6.9,0.389,43.6045,1.444,135.0,0.65
2023-12-17,8.6,-0.6,2.4,6.4,-3.8,0.0,0.0,0.0,27877.05,7.3,17.6,54,6.68,0.66,4.4,0.379,43.6045,1.444,135.0,0.65
2023-12-18,9.6,-0.5,3.2,8.0,-3.4,0.0,0.0,0.0,27895.88,9.2,10.8,82,6.93,0.73,4.2,0.368,43.6045,1.444,135.0,0.65
2023-12-19,7.1,0.6,4.1,4.5,-2.5,0.1,0.1,0.0,1000.64,12.3,23.0,277,2.61,0.39,4.8,0.361,43.6045,1.444,135.0,0.65
2023-12-20,9.1,5.9,7.6,5.1,2.5,6.8,6.8,0.0,8299.88,26.5,50.0,287,3.43,0.68,7.3,0.391,43.6045,1.444,135.0,0.65
2023-12-21,11.5,6.6,9.6,7.8,2.6,2.1,2.1,0.0,0.0,28.8,49.3,268,1.08,0.5,8.5,0.388,43.6045,1.444,135.0,0.65
2023-12-22,11.6,9.4,10.9,7.9,6.2,3.8,3.8,0.0,0.0,30.0,54.0,281,1.36,0.45,10.2,0.395,43.6045,1.444,135.0,0.65
2023-12-23,12.2,8.1,9.7,9.4,5.4,0.3,0.3,0.0,15920.99,20.1,35.3,277,4.13,0.68,9.6,0.392,43.6045,1.444,135.0,0.65
2023-12-24,11.1,7.8,9.3,9.7,5.9,0.0,0.0,0.0,2206.95,9.1,18.0,299,3.29,0.51,9.7,0.383,43.6045,1.444,135.0,0.65
2023-12-25,8.2,2.3,5.5,6.8,-0.1,0.0,0.0,0.0,13694.93,5.4,13.7,148,4.29,0.49,7.7,0.372,43.6045,1.444,135.0,0.65
2023-12-26,6.8,0.8,3.0,4.8,-2.3,0.0,0.0,0.0,21316.1,9.7,22.3,82,5.03,0.49,5.5,0.364,43.6045,1.444,135.0,0.65
2023-12-27,12.4,1.0,6.1,8.5,-1.8,0.0,0.0,0.0,28164.08,21.7,39.6,132,7.33,1.05,5.9,0.364,43.6045,1.444,135.0,0.65
2023-12-28,11.8,5.2,9.0,9.0,2.9,0.0,0.0,0.0,1595.18,20.4,34.6,131,3.72,0.64,8.1,0.363,43.6045,1.444,135.0,0.65
2023-12-29,12.6,7.0,9.4,11.6,4.7,3.2,3.2,0.0,13973.74,13.0,23.8,152,3.83,0.54,8.9,0.366,43.6045,1.444,135.0,0.65
2023-12-30,13.6,4.7,8.3,12.5,2.7,0.0,0.0,0.0,27321.57,15.8,25.9,143,6.48,0.83,9.1,0.362,43.6045,1.444,135.0,0.65
2023-12-31,10.4,6.3,8.7,7.0,2.8,0.9,0.9,0.0,7977.53,23.4,40.3,207,2.52,0.53,8.8,0.367,43.6045,1.444,135.0,0.65
